Brand,Name,Number,Address,Store Type,Contact
COLES,ALEXANDRIA ONLINE SUPERMARKET,496,23 O'Riordan Street  Alexandria 2015 NSW ,Retail,02 8974 5200
COLES,LAVINGTON,617,Border Shopping Centre Cnr Griffith Road & Urana Road  Lavington 2641 NSW ,Retail,03 6025 4877
COLES,DENILIQUIN,675,Cnr Wood Street & Hardinge Street  Deniliquin 2710 NSW ,Retail,03 5881 8001
COLES,ALBURY,693,West End Plaza Shopping Centre Cnr Townsend Street & Smollet Street  Albury 2640 NSW ,Retail,02 6041 5377
COLES,STANHOPE GARDENS,702,Sentry Drive  Stanhope Gardens 2768 NSW ,Retail,02 8883 1366
COLES,COOMA,703,Commissioner Street  Cooma 2630 NSW ,Retail,02 6455 3000
COLES,WAGGA,704,Sturt Mall Shopping Centre Cnr Forsyth Street & Barry Street  Wagga 2650 NSW ,Retail,02 6921 5532
COLES,RHODES,706,Rider Boulevard  Rhodes Waterside 2138 NSW ,Retail,02 9743 3066
COLES,WINMALEE,709,Shop 1 White Cross Road  Winmallee 2777 NSW ,Retail,02 4754 3811
COLES,WORLD SQUARE ,710,George Street  Sydney 2000 NSW ,Retail,02 9283 1589
COLES,PICTON,711,Margaret Street  Picton 2571 NSW ,Retail,02 4677 0655
COLES,HARRINGTON PARK,713,Fairwater Drive  Harrington Park 2567 NSW ,Retail,Phone
COLES,FIGTREE,716,Figtree Shopping Centre Cnr Gladstone Street & Princess Highway  Figtree 2525 NSW ,Retail,02 4229 9288
COLES,TURRAMURRA,717,Ray Street  Turramurra 2074 NSW ,Retail,02 9449 2582
COLES,SMITHFIELD,719,The Horseley Drive  Smithfield 2164 NSW ,Retail,02 9616 0800
COLES,ROSELANDS,720,Roselands Shopping Centre  Roselands Avenue  Roselands 2196 NSW ,Retail,02 9759 0960
COLES,LIVERPOOL,723,Cnr Bathurst Street & Elizabeth Drive  Liverpool 2170 NSW ,Retail,02 9734 7050
COLES,LANE COVE,724,Burns Bay Road  Lane Cove 2066 NSW ,Retail,02 9427 0199
COLES,GLENFIELD,725,Tanda Place  South Wagga 2650 NSW ,Retail,02 6971 3055
COLES,MT DRUITT,726,Westfield Shopping Town Carlisle Avenue  Mount Druitt 2770 NSW ,Retail,02 9675 2688
COLES,PYRMONT,728,Union Street  Pyrmont 2009 NSW ,Retail,02 8572 6450
COLES,MAROUBRA JUNCTION,737,707-751 Anzac Parade  Maroubra 2035 NSW ,Retail,02 9344 6066
COLES,BEGA,739,Cnr Parker Street & Carp Street  Bega 2550 NSW ,Retail,02 6492 2233
COLES,LINDFIELD,744,Balfour Shopping Centre  Pacific Highway  Lindfield 2070 NSW ,Retail,02 9416 7496
COLES,MANLY VALE,745,Koorala Street  Manly Vale 2093 NSW ,Retail,02 9949 1600
COLES,WARATAH,746,Turton Road  Waratah 2298 NSW ,Retail,02 4967 1577
COLES,FAIRFIELD,749,Fairfield Forum Shopping Centre Cnr Station Street & Ware Street  Fairfield 2165 NSW ,Retail,02 9726 9577
COLES,EARLWOOD,750,Clark Street  Earlwood 2206 NSW ,Retail,02 9558 1374
COLES,TUGGERAH,752,Wyong Road  Tuggerah 2259 NSW ,Retail,02 4351 6863
COLES,KINGS CROSS,754,Hyatt Kingsgate Shopping Centre  Darlinghurst Road  Kings Cross 2011 NSW ,Retail,02 9358 6247
COLES,WINDSOR,756,George Street  Windsor 2756 NSW ,Retail,02 4577 2354
COLES,TUMUT,757,Russell Street  Tumut 2720 NSW ,Retail,02 6947 1543
COLES,ASQUITH,760,Pacific Highway  Asquith 2077 NSW ,Retail,02 9476 3422
COLES,WEST PENNANT HILLS,761,Pennant Hills Road  West Pennant Hills 2125 NSW ,Retail,02 9481 9988
COLES,RAMSGATE,762,The Grand Parade  Ramsgate 2217 NSW ,Retail,02 9529 5911
COLES,MIRANDA WESTFIELD,766,Westfield Shopping Centre  600 Kingsway  Miranda 2228 NSW ,Retail,02 9540 6200
COLES,EPPING,768,Rawson Street  Epping 2121 NSW ,Retail,02 9869 2844
COLES,ROSE BAY,770,Rose Bay Old South Head Road  Rose Bay 2029 NSW ,Retail,TBA
COLES,SYLVANIA,772,Southgate Shopping Centre Cnr Princes Highway & Hacking Plaza  Sylvania 2224 NSW ,Retail,02 9522 5200
COLES,NORTH ROCKS,774,North Rocks Shopping Centre  North Rocks Road  North Rocks 2151 NSW ,Retail,02 9872 2333
COLES,MACQUARIE FIELDS,775,Glenquarie Shopping Centre  Victoria Road  Macquarie Fields 2564 NSW ,Retail,02 9605 5087
COLES,DAPTO,778,TEMPORARY CLOSURE AS OF 29/7/07 Byamee Street  Dapto 2530 NSW ,Retail,02 4261 4111
COLES,NOWRA,780,Cnr Kinghorne Street & Junction Street  Nowra 2541 NSW ,Retail,02 4421 3554
COLES,TOUKLEY,781,Yaralla Road  Toukley 2263 NSW ,Retail,02 4396 4002
COLES,HURSTVILLE,782,Westfield Hurstville Shopping Centre Cnr Cross Street & Park Road  Hurstville 2220 NSW ,Retail,02 9570 6622
COLES,KAREELA,783,Cnr Bates Drive & Freya Street  Kareela 2232 NSW ,Retail,02 9528 6639
COLES,DEE WHY,784,Dee Why Plaza  Howard Avenue  Dee Why 2099 NSW ,Retail,02 9981 3999
COLES,CAMDEN,785,Cnr Murray Street & South Argyle Street  Camden 2570 NSW ,Retail,02 4655 7946
COLES,WYOMING,786,Wyoming Village Shopping Centre  Pacific Highway  Wyoming 2250 NSW ,Retail,02 4328 4313
COLES,DUBBO,788,Dubbo Shopping Centre Cnr Bultje Street & Macquarie Street  Dubbo 2830 NSW ,Retail,02 6882 6250
COLES,MIRANDA,790,Parkside Plaza Shopping Centre  Wandella Road  Miranda 2228 NSW ,Retail,02 9525 9744
COLES,ASHFIELD,791,Ashfield Mall Shopping Centre  Norton Street  Ashfield 2131 NSW ,Retail,02 9799 5300
COLES,RICHMOND,792,Richmond Mall Shopping Centre  Windsor Street  Richmond 2753 NSW ,Retail,02 4578 3111
COLES,ENGADINE,793,Waratah Road  Engadine 2233 NSW ,Retail,02 9520 5344
COLES,CHATSWOOD,795,Chatswood Chase Shopping Centre Cnr Victoria Avenue & Archer Street  Chatswood 2067 NSW ,Retail,02 9975 3001
COLES,KINGS LANGLEY,796,Kings Langley Shopping Centre  James Cook Drive & Raven Hill Street  Kings Langley 2147 NSW ,Retail,02 9674 3111
COLES,WARRIEWOOD,797,Jackson Road  Warriewood 2102 NSW ,Retail,02 9913 1400
COLES,THE ENTRANCE,798,Lakeside Plaza  The Entrance Road  The Entrance 2261 NSW ,Retail,02 4332 7454
COLES,RANDWICK,800,Randwick Plaza Shopping Centre  Belomore Road  Randwick 2031 NSW ,Retail,02 9398 4013
COLES,LITHGOW,801,Lithgow Valley Shopping Centre Cnr Hassen Street & Bent Street  Lithgow 2790 NSW ,Retail,02 6352 1966
COLES,GOULBURN,802,Argyle Mall Shopping Centre Cnr Clifford Street & Auburn Street  Goulburn 2580 NSW ,Retail,02 4821 7260
COLES,BOWRAL,804,Oxley Mall Shopping Centre Cnr Boolwey Street & Bendooley Street  Bowral 2576 NSW ,Retail,02 4861 3477
COLES,SURRY HILLS,805,Surry Hills Shopping Village Cnr Cleveland Street & Baptist Street  Surry Hills 2010 NSW ,Retail,02 9698 5005
COLES,SWANSEA,807,Pacific Highway  Swansea 2281 NSW ,Retail,02 4971 1655
COLES,BONDI ,809,Eastgate Shopping Centre Cnr Newland Street & Spring Street  Bondi 2026 NSW ,Retail,02 9389 5187
COLES,BATEMANS BAY,811,Perry Street  Batemans Bay 2536 NSW ,Retail,02 4472 1913
COLES,NEWCASTLE JUNCTION,813,Junction Fair Shopping Centre  Union Street  Newcastle Junction 2300 NSW ,Retail,02 4969 3723
COLES,NEWPORT,814,Barrenjoey Road  Newport 2000 NSW ,Retail,TBA
COLES,MANLY CORSO,815,Shop 1  8-28 The Corso  Manly 2095 NSW ,Retail,02 9932 5500
COLES,ST MARYS,817,St Marys Plaza Shopping Centre  Station Street  St Marys 2760 NSW ,Retail,02 9673 4111
COLES,GOROKAN,819,Lakehaven Shopping Centre Cnr Arizon Road & Goobarabah Avenue  Gorokan 2263 NSW ,Retail,02 4392 7966
COLES,QUEANBEYAN,820,Riverside Plaza Shopping Centre Cnr Monaro Street & Collett Street  Queanbeyan 2620 NSW ,Retail,02 6299 2469
COLES,WEST GOSFORD,821,West Gosford Shopping Centre Cnr Brisbane Water Drive & Corumbene Road  West Gosford 2250 NSW ,Retail,02 4324 5622
COLES,WARRAWONG,822,Westfield Shopping Centre  Cowper Street  Warrawong 2502 NSW ,Retail,02 4276 1355
COLES,BELMONT,823,Cnr Macquarie Street & Edgar Street  Belmont 2280 NSW ,Retail,02 4945 0355
COLES,WALLSEND,824,Cowper Street  Wallsend 2287 NSW ,Retail,02 4951 8344
COLES,CASTLE HILL,825,Castle Towers Shopping Centre  Old Northern Road  Castle Hill 2154 NSW ,Retail,02 9680 2856
COLES,DOONSIDE,827,Cnr Richmond Road & Woodcraft Drive  Doonside 2767 NSW ,Retail,02 9679 9099
COLES,NEUTRAL BAY,829,Big Bear Shopping Complex  Military Street & Park Street  Neutral Bay 2089 NSW ,Retail,02 9908 3099
COLES,BRIGHTON LE SANDS,831,Oceanview Partments Cnr Moate Street & Princess Street  Brighton 2216 NSW ,Retail,TBA
COLES,GLADESVILLE,832,Flagstaff Street  Gladesville 2111 NSW ,Retail,02 9816 5695
COLES,KOTARA,833,Garden City S/C Cnr Northcott Drive & Park Avenue  Kotara 2289 NSW ,Retail,02 4952 7066
COLES,HINCHINBROOK,834,Valley Plaza  Wilson Road  Hinchinbrook 2168 NSW ,Retail,02 9826 8055
COLES,ORANGE,835,227-237 SUMMER ST  Orange 2800 NSW ,Retail,2 6061 2666
COLES,BATHURST,836,47 William Street  Bathurst 2795 NSW ,Retail,02 6032 9566
COLES,GRIFFITH,838,Cnr Crossing Street & Yambil Street  Griffith 2680 NSW ,Retail,02 6964 5455
COLES,BROADWAY,839,Cnr Broadway Street & Bay Street  Broadway 2007 NSW ,Retail,02 9281 0844
COLES,WYNYARD,840,Tenancy W36 & W37 Wynyard Railway Concourse  Sydney 2000 NSW ,Retail,02 9299 4769
COLES,CARINGBAH,841,Willarong Road  Sth Caringbah 2229 NSW ,Retail,02 9540 9352
COLES,WATTLE GROVE,842,Cnr Australia Avenue & Village Way  Wattle Grove 2173 NSW ,Retail,02 9731 1044
COLES,WINSTON HILLS,843,Winston Hills Mall  Caroline Chisolm Drive  Winston Hills 2153 NSW ,Retail,Unknown
COLES,WINDSOR,844,Windsor Riverview Shopping Centre George Street  Windsor 2756 NSW ,Retail,02 4577 1000
COLES,ULLADULLA,845,Boree Street  Ulladulla 2539 NSW ,Retail,02 4455 1722
COLES,LEICHARDT,846,Norton Plaza Shopping Centre Norton Street  Leichardt 2040 NSW ,Retail,02 9572 6466
COLES,ILLAWONG,847,Illawong Shopping Centre Fowlers Road  Illawong 2234 NSW ,Retail,02 9543 6766
COLES,BIRKENHEAD,849,Birkenhead Shopping Centre  Cary Street  Drummoyne 2047 NSW ,Retail,TBA
COLES,TORONTO,850,The Boulevard  Toronto 2283 NSW ,Retail,02 4959 8850
COLES,NORWEST,851,Norwest Lakeside Shopping Centre Norwest Boulevard  Baulkham Hills 2153 NSW ,Retail,02 9659 6467
COLES,CHATSWOOD CHASE,852,Cnr Anderson Albert & Spring Street  Chatswood Chase 2057 NSW ,Retail,02 9413 4549
COLES,BONDI,853,Oxford Street  Bondi Junction 2022 NSW ,Retail,02 9369 3714
COLES,FORESTVILLE,854,Starkey Street  Forestville 2083 NSW ,Retail,02 9975 3255
COLES,ST LEONARDS,856,The Forum  St Leonards Railway Station Pacifc Highway  St Leonards 2065 NSW ,Retail,02 9966 4233
COLES,GEORGE STREET,857,388 George Street  Sydney 2000 NSW ,Retail,02 9221 4770
COLES,HORNSBY,860,Westfield Shoppingtown  Northgate Shop M1Cnr Hunter Road & Burdett Road  Hornsby 2077 NSW ,Retail,02 9482 1422
COLES,BURWOOD,861,Westfield Shoppingtown Cnr Wilga Street & Shaftesbury Road  Burwood 2134 NSW ,Retail,TBA
COLES,BLACKTOWN,862,Patrick Street  Blacktown 2149 NSW ,Retail,02 9676 3525
COLES,CESSNOCK,864,Cnr Keene Street & North Ave & Charlton Avenue  Cessnock 2325 NSW ,Retail,02 4991 6172
COLES,CONCORD,865,Majors Bay Road  Concord 2137 NSW ,Retail,02 9844 6202
COLES,PENINSULA MANLY,869,1/21 Wentworth Street  Manly 2570 NSW ,Retail,02-9976 6829
COLES,CARLINGFORD,872,Carlingford Court Shopping Centre  Pennant Hill Road  Carlingford 2118 NSW ,Retail,TBA
COLES,CAMBRIDGE GARDENS,874,101 Boomerang Place  Cambridge Gardens 2747 NSW ,Retail,02 4729 3600
COLES,EDGEWORTH,879,Main Road  Edgeworth 2285 NSW ,Retail,02 4953 0511
COLES,WARNERS BAY,880,Warners Bay Shoppng Centre  30 John Street  Warners Bay 2282 NSW ,Retail,02-4947 3800
COLES,SAN REMO,882,Pacific Highway  San Remo 2262 NSW ,Retail,02 4390 6100
COLES,KELLYVILLE,883,Kellyville Shopping Centre  Wrights Road  Kellyville 2155 NSW ,Retail,02 8814 6900
COLES,MONAVALE,884,Pittwater Place  Park Street  Mona Vale 2103 NSW ,Retail,02-9997 3877
COLES,ERINA,885,Erina Fair Shopping Centre  Terrigal Drive  Erina 2250 NSW ,Retail,02 4365 6025
COLES,Balgowlah,886,Condamine Street  Balgowlah 2093 NSW ,Retail,02 9934 9800
COLES,PARRAMATTA ENTRADA,887,Victoria Road  North Parramatta 2150 NSW ,Retail,02 9933 0600
COLES,CORRIMAL,890,204 Princes Highway  Corrimal 2518 NSW ,Retail,02-4283 7622
COLES,GLENDALE,893,Lake Road  Glendale 2285 NSW ,Retail,02 4954 6922
COLES,PARRAMATTA,896,Westfield Shopping Centre Cnr Marsden Street & Campbell Street  Parramatta 2150 NSW ,Retail,02 9635 4179
COLES,WARRINGAH,897,Old Pittwater Road  Brookvale 2100 NSW ,Retail,02-9907 3303
COLES,GREEN HILLS,898,The Hunter at Greenhills Shopping Centre  Mollymorgan Drive  East Maitland 2323 NSW ,Retail,02 4933 4766
COLES,EDGECLIFF,899,Cnr New South Head Road & Ocean Street  Edgecliff 2027 NSW ,Retail,02-9328 7978
COLES,FORSTER,901,Forster Village Shopping Centre Cnr Breeze Parade & Water Street  Forster South 2428 NSW ,Retail,02 6555 7266
COLES,PENRITH,903,Nepean Shopping CentreCnr Station Street & Reserve Street  Penrith 2750 NSW ,Retail,02 4722 2100
COLES,BATEAU BAY,904,Bay Village Shopping Centre  The Entrance Road  Bateau Bay 2261 NSW ,Retail,02 4334 5388
COLES,WOY WOY,905,Deepwater Plaza Shopping Centre Cnr Railway Street & George Street  Woy Woy 2256 NSW ,Retail,02 4344 6989
COLES,CAMPBELLTOWN,906,Campbelltown Mall Shopping Centre  Queen Street  Campbelltown 2560 NSW ,Retail,02 4625 9622
COLES,CASUALA,908,Casuala Mall Shopping Centre Kurrajong Road  Casuala 2170 NSW ,Retail,02 9821 4688
COLES,PAGEWOOD,909,Eastgardens Shopping Centre Cnr Bunnerong Road & Wentworth Avenue  Pagewood 2035 NSW ,Retail,02 9314 0022
COLES,LIGHTHOUSE BEACH,920,Shop 1a Ocean Drive  Port Macquarie 2444 NSW ,Retail,TBA
COLES,KATOOMBA,921,34 Parke Street  Katoomba 2780 NSW ,Retail,02 4780 8500
COLES,OATLEY WEST,923,Mulga Road  Oatley West 2223 NSW ,Retail,02 8558 9500
COLES,ROUSE HILL,924,Cnr Windsor Road & Commercial Road  Rouse Hill 2155 NSW ,Retail,TBA
COLES,WYONG,925,Shop 1 Alison Road  Wyong 2259 NSW ,Retail,TBA
COLES,FAIRY MEADOW,927,118 - 126 Princes Hwy  Fairy Meadow 2519 NSW ,Retail,02 4223 9300
COLES,BEROWA HEIGHTS,929,Turner Road  Berowa Heights 2082 NSW ,Retail,02 9456 2513
COLES,EDENSOR PARK,936,Edensor Road  Edensor Park 2176 NSW ,Retail,02 8786 0500
COLES,SCONE,939,Kelly Street  Scone 2337 NSW ,Retail,TBA
COLES,FLETCHER,940,Cnr Minmi Road & Churnwood Drive  Fletcher 2287 NSW ,Retail,02 4941 6300
COLES,HURSTVILLE STATION,942,Hurstville Railway Station Forest Road  Hurstville 2220 NSW ,Retail,02 8558 9700
COLES,DEE WHY GRAND,944,Sturdee Parade  Dee Why 2099 NSW ,Retail,02 9919 0100
COLES,SINGLETON,945,Gowrie Street Mall  1 Gowrie Street  Singleton 2330 NSW ,Retail,02 6575 4300
COLES,RUTHERFORD,946,Rutherford Shopping Centre Hillview Street  Rutherford 2320 NSW ,Retail,TBA
COLES,MORRISET,950,Yambo Street  Morriset 2274 NSW ,Retail,02 4973 7100
COLES,BAULKHAM HILLS,951,Stocklands Mall Shopping Centre Windsor Road  Baulkham Hills 2153 NSW ,Retail,02 8852 9700
COLES,CHIPPING NORTON,953,Earnest Avenue  Chipping Norton 2170 NSW ,Retail,TBA
COLES,WESTMEAD,965,29-33 Darcy Road  Westmead 2145 NSW ,Retail,02 8837 7700
COLES,TAREE,967,Macquarie Street  Taree 2430 NSW ,Retail,02 6539 0200
COLES,WEST RYDE,968,17 Chatham Rd  Cnr Anthony Rd & Chatham Rd  West Ryde 2114 NSW ,Retail,02 9804 4400
COLES,ROPES CROSSING,970,Central Place  Ropes Crossing 2760 NSW ,Retail,02 9421 4900
COLES,WATERLOO,987,Shop 16 Crystal Street  Waterloo 2017 NSW ,Retail,02 9549 3700
COLES,TANILBA BAY,989,Beatty Boulevard  Tanilba Bay 2753 NSW ,Retail,02 4980 5300
COLES,WADALBA,992,Figtree Boulevard  Wadalba 2259 NSW ,Retail,02 4392 0019
COLES,MARKET TOWN,993,Westend Shopping CentreCnr King Street & National Park Street  Newcastle West 2302 NSW ,Retail,02 4926 4494
COLES,CHARLESTOWN,995,Charlestown Square Shopping Centre Pearson Street  Charlestown 2290 NSW ,Retail,TBA
COLES,KURRI KURRI,999,Lang Street  Kurri Kurri 2327 NSW ,Retail,02 4936 5100
COLES,ROSELANDS,3478,Roselands Shopping Centre  Shop L47 Roselands Drive  Roselands 2196 NSW ,Retail,02 9759 2855
COLES,INGLEBURN,4177,100 Macquarie Road  Ingleburn 2564 NSW ,Retail,02 8797 9600
COLES,JEWELLSTOWN (Rebadge Bi Lo 4118),4178,Jewelstown Plaza  Ntaba Road  Belmont North 2280 NSW ,Retail,02 4948 5744
COLES,BERKELEY(Rebadge Bi Lo 4150),4387,65 Winnima Way  Berkeley 2506 NSW ,Retail,02 4222 1000
COLES,BALLINA,4401,Cnr Fox Street & Kerr Street  Ballina 2478 NSW ,Retail,02 6686 9377
COLES,INVERELL,4444,Byron Street  Inverell 2360 NSW ,Retail,02 6722 3811
COLES,GRAFTON CENTRAL,4456,Duke Street  Grafton 2460 NSW ,Retail,02 6641 8100
COLES,TWEED CITY,4459,Minjungbal Drive  Tweed South 2486 NSW ,Retail,07 5506 4000
COLES,CASUARINA,4460,482 Casuarina Way  Casuarina  2487 NSW ,Retail,02 8398 5900
COLES,MOREE,4473,Balo Square Shopping Centre Cnr Newell Highway & Gwydir Street  Moree 2400 NSW ,Retail,02 6752 3877
COLES,TWEED HEADS,4474,Tweed Heads Mall Shopping CentreCnr Pacific Highway & Frances Street  Tweed heads 2485 NSW ,Retail,7 5536 3977
COLES,LISMORE,4477,Lismore Square Shopping Centre Cnr Brewster Street & Uralba Street  Lismore 2480 NSW ,Retail,02 6621 7421
COLES,GRAFTON,4485,Grafton Mall Shopping Centre  Pound Street  Grafton 2460 NSW ,Retail,02 6642 5131
COLES,MURWILLUMBAH,4505,Cnr Brsibane Street & Woolumbin Street  Murwillambah 2484 NSW ,Retail,02 6672 4213
COLES,GUNNEDAH,4522,Little Conadilly Street  Gunnedah 2380 NSW ,Retail,02 6741 7600
COLES,GOONELLABAH,4535,Goonellabah Shopping Centre  Oliver Avenue  Goonellabah 2480 NSW ,Retail,02 6625 0023
COLES,YAMBA,4551,Cnr Treelands Drive & Yamba Road  Yamba 2462 NSW ,Retail,02 6603 0500
COLES,BANORA POINT,4577,2Cnr Frasers Drive & Leisure Drive  Banora Point 2486 NSW ,Retail,07 5506 3900
COLES,FIVE DOCK,4788,4-12 Garfield Street  Five Dock 2046 NSW ,Retail,02 8752 6200
COLES ,SUTHERLAND,4789,822-826 Old Princes Highway  Sutherland 2232 NSW ,Retail,02 9521 9400
COLES,CLEMTON PARK,4812,Clemton Park Village  Cnr Charlotte Street & Harp Street  Clemton Park 2194 NSW ,Retail,02 8398 3400
COLES,MACARTHUR SQUARE,4813,200 Gilchrist Drive  Campbelltown 2560 NSW ,Retail,02 4629 2100
COLES,BROKEN HILL,4960,7 Gossan Street  Broken Hill North 2880 NSW ,Retail,08 8080 0100
COLES,NORTH SYDNEY,5587,99 Walker Street  North Sydney 2060 NSW ,Retail,02 8912 3400
COLES,BANORA POINT,5589,Cnr Darlington Drive & Leisure Drive  Banora Point  2486 NSW ,Retail,07 5523 4975
COLES,GLENMORE PARK,5590,1-11 Town Terrace  Glenmore Park 2745 NSW ,Retail,02 4749 0800
COLES,GLEN INNES (Rebadge Bi Lo 4619),5597,Grey Street  Glen Innes 2370 NSW ,Retail,02 6732 2067
COLES,OLD BAR (Rebadge Bi Lo 4167),5598,54 Old Bar Road  Old Bar 2430 NSW ,Retail,02 6557 3100
COLES,SOUTH WEST ROCKS (REBADGE BI LO 4125),5678,255-279 Gregory Street  South West Rocks 2431 NSW ,Retail,02 6566 6645
COLES,Coffs Harbour,5679,195 Harbour Drive Road  Coffs Harbour 2450 NSW ,Retail,03 8544 6824
COLES,KEMPSEY,5680,River Front Plaza Belgrave Street  Kempsey 2440 NSW ,Retail,02 6560 1400
COLES,MOONEE BEACH,5681,Moonee Beach Shop 23 Moonee Beach Road  Moonee Beach 2450 NSW ,Retail,02 6656 4788
COLES,TOORMINA,5682,Toormina Gardens Shopping Centre Cnr Toormina Drive & Minorie Drive  Toorima 2452 NSW ,Retail,02 6658 1444
COLES,LIGHTHOUSE BEACH,5683,Cnr Ocean & Emerald Drives  Port Macquarie 5683 NSW ,Retail,02 6582 4951
COLES,LAKE INNES,5684,Cnr Oxley Hwy & Major Innes Drive  Port Macquarie 2444 NSW ,Retail,02 6581 2333
COLES,LAURIETON,5685,Cnr Bold & Tunis Streets  Laurieton 2443 NSW ,Retail,02 6559 8500
COLES,PORT MACQUARIE,5686,28 Haywood Street  Port Macquarie 2444 NSW ,Retail,02 6588 0700
COLES,GREEN POINT (REBADGE BI LO 4123),5689,7Cnr Avoca Drive & Sun Valley Road  Green Point 2251 NSW ,Retail,02 4365 0722
COLES,THORNTON,5690,Cnr Taylor Avenue & Thomas Cook Drive  Thornton 2322 NSW ,Retail,02 4966 5511
COLES,MOSS VALE (REBADGE BI LO 4129),5691,7 Kirkham Road  Moss Vale  2577 NSW ,Retail,02 4869 5417
COLES,TEA GARDENS,5692,11 Mayall Street  Tea Gardens 2324 NSW ,Retail,02 4997 2603
COLES,SOUTH GRAFTON,5693,Bent Street  South Grafton  2460 NSW ,Retail,02 6642 1688
COLES,CASINO,5694,Canterbury Street  Casino 2470 NSW ,Retail,02 6662 5800
COLES,TENTERFIELD (Rebadge Bi Lo 4357),5695,Rouse Street  Tenterfield 2372 NSW ,Retail,02 6736 4922
COLES,KILLARNEY VALE,5696,Cnr Wyong Street & South Street  Killarney Vale  2261 NSW ,Retail,02-4332 7492
COLES,EDEN (Rebadge Bi Lo 4155),5697,Imlay Street  Eden   2551 NSW ,Retail,02 6496 4800
COLES,THIRROUL (Rebadge from Bi Lo 4143),5698,Thirroul Village Plaza  Lawrence Hargraves Drive  Thirroul 2515 NSW ,Retail,02 4267 1587
COLES,WELLINGTON,5714,Percy Street  Wellington 2820 NSW ,Retail,02 6845 4400
COLES,CHITTAWAY POINT,5726,Cnr Chittaway Road & Wyong Road  Chittaway Point NSW ,Retail,02 4388 4744
COLES,KINCUMBER,5730,Avoca Road  Kincumber 2250 NSW ,Retail,02 4369 5566
COLES,UMINA BEACH,5733,Oscar Street  Umina Beach 2256 NSW ,Retail,02 4341 0416
COLES,HELENSBURGH (Rebadge Bi Lo 4146),5736,19-31 Walker Street  Helensburgh 2508 NSW ,Retail,02 4294 9567
COLES,COWRA,5749,Cnr Kendall Street & Macquarie Street  Cowra 2794 NSW ,Retail,02 6342 3283
COLES,MUDGEE,5753,Church Street  Mudgee 2850 NSW ,Retail,02 6072 7155
COLES,NARROMINE,5755,Kierath Shopping Centre Dandaloo Street  Narromine 2821 NSW ,Retail,02 6889 4703
COLES,PARKES,5757,Bogan Street  Parkes 2870 NSW ,Retail,02 6863 6200
COLES,BUDGEWOI,5759,Cnr Noela Place & Tenth Avenue  Budgewoi 2262 NSW ,Retail,02 4390 6000
COLES,MOUNT ANNAN,5769,Waterworth Drive  Mount Annan 2567 NSW ,Retail,02 4636 9300
COLES,FAIRFIELD WEST,5770,Hamilton Road  Fairfield West 2165 NSW ,Retail,02 9616 5100
COLES,BONNELLS BAY,5771,Fishery Point Road  Bonnells Bay 2264 NSW ,Retail,02 4973 7800
COLES,CHATSWOOD CHASE,5773,Chatswood Chase Shopping Centre Victoria Avenue  Chatswood 2067 NSW ,Retail,02 8448 5200
COLES,STH MUSWELLBROOK,5776,Rutherford Road  South Muswellbrook 2333 NSW ,Retail,02 6542 3000
COLES,NORTH RICHMOND,5777,North Richmond Shopping Centre Riverview Street  North Richmond 2754 NSW ,Retail,02 4571 3091
COLES,WINGHAM,5778,WINGHAMCnr Primrose Street & Isabella Street  Wingham 2429 NSW ,Retail,02 6591 1300
COLES,MACQUARIE,5791,Cnr Talavera & Herring Roads  North Ryde 2113 NSW ,Retail,02 8870 2300
COLES,Greenacre,5792,13-19 Boronia Road  Greenacre 2190 NSW ,Retail,(02) 8709 0400
COLES,MERRYLANDS,5793,Macfarlane Street  Merrylands 2160 NSW ,Retail,02 8868 1200
COLES,TAMWORTH SOUTH,5796,Southgate Shopping Centre  Kathleen Street  South Tamworth 2340 NSW ,Retail,02 6760 1400
COLES,SHELLHARBOUR,5797,Shop 1201  Shellharbour Square  Lake Entance Road  Shellharbour 2529 NSW ,Retail,02 4295 8300
COLES,NARELLAN,5800,326 Camden Valley Way   Narellan 2567 NSW ,Retail,02 4645 7100
COLES,TOP RYDE,5801,Top Ryde Shopping Centre  109-129 Blaxland Road  Ryde 2122 NSW ,Retail,02 8878 8100
COLES,WILLOWDALE,5806,Shop M01 5 Willowdale Drive  Denham Court 2565 NSW ,Retail,02 8763 8100
COLES,LISAROW,7554,11 Parsons Road  Lisarow 2250 NSW ,Retail,02 4328 0000
COLES,MEDOWIE (Rebadge Bi Lo 4128),7555,Cnr Ferodale Road & Medowie Rds  Medowie 2318 NSW ,Retail,02 4982 9600
COLES,REVESBY,7558,20-30 Blamey Street  Revesby 2212 NSW ,Retail,02 8723 6400
COLES,SALAMANDER BAY,7565,Salamander Bay  Salamander Bay 2317 NSW ,Retail,02 4919 2500
COLES,EAST VILLAGE (Next Gen),7569,2-4 Defries Avenue  Zetland 2017 NSW ,Retail,02 8344 6200
COLES,NARRANDERA,7579,East Street  Narrandera 2700 NSW ,Retail,02 6959 2388
COLES,WOLLONGONG,7587,200 Crown Street  Wollongong 2500 NSW ,Retail,02 4220 6700
COLES,VINCENTIA (Rebadge Bi Lo 4122),7591,1 Burton Street  VINCENTIA 2540 NSW ,Retail,02 4441 7396
COLES,WETHERILL PARK,7596,Stocklands Shopping Centre  581-583 Polding Street  Wetherill Park 2164 NSW ,Retail,TBC
COLES,ARMIDALE,8760,Marsh Street  Armidale 2350 NSW ,Retail,02 6771 4777
COLES,TAMWORTH,8761,Peel Street  Tamworth 2340 NSW ,Retail,02 6766 4856
COLES,NARRABRI,8769,Maitland Street  Narrabri 2390 NSW ,Retail,02 6799 2500
COLES,TAMWORTH NORTH,8770,Northgate Shopping Centre Piper Street  Tamworth North 2340 NSW ,Retail,02 6766 3488